{
    "dc_per_class_pp_all": {
        "1": 0.6137676993179083,
        "2": 0.9305966559916301,
        "3": 0.8555610784350859,
        "4": 0.6973657646799152
    },
    "dc_per_class_pp_per_class": {
        "1": 0.8526494108223189,
        "2": 0.9305966559916301,
        "3": 0.856003337236479,
        "4": 0.6978268772808006
    },
    "dc_per_class_raw": {
        "1": 0.8521630073710901,
        "2": 0.9305980245834429,
        "3": 0.8555610784350859,
        "4": 0.6973319916550546
    },
    "for_which_classes": [
        1,
        3,
        4
    ],
    "min_valid_object_sizes": "None",
    "num_samples": 28,
    "validation_final": "validation_raw_postprocessed",
    "validation_raw": "validation_raw"
}