{
    "dc_per_class_pp_all": {
        "1": 0.7194844399210008,
        "2": 0.9380312174512286,
        "3": 0.8430279258778471,
        "4": 0.67833856586575
    },
    "dc_per_class_pp_per_class": {
        "1": 0.8453897990966083,
        "2": 0.9380302921164135,
        "3": 0.8430563208777927,
        "4": 0.6783218661740033
    },
    "dc_per_class_raw": {
        "1": 0.8450312273587433,
        "2": 0.9380235665407062,
        "3": 0.8430130167234519,
        "4": 0.6783392116703882
    },
    "for_which_classes": [
        1,
        2,
        3
    ],
    "min_valid_object_sizes": "None",
    "num_samples": 59,
    "validation_final": "validation_raw_postprocessed",
    "validation_raw": "validation_raw"
}