{
    "dc_per_class_pp_all": {
        "1": 0.7156713736293892,
        "2": 0.9372142736630508,
        "3": 0.8439649157084628,
        "4": 0.665635935496103
    },
    "dc_per_class_pp_per_class": {
        "1": 0.8625581365073055,
        "2": 0.937220798614381,
        "3": 0.8439649157084628,
        "4": 0.6615626711939112
    },
    "dc_per_class_raw": {
        "1": 0.8609217045419195,
        "2": 0.9372143717028468,
        "3": 0.8439649157084628,
        "4": 0.6656205605840925
    },
    "for_which_classes": [
        1,
        2
    ],
    "min_valid_object_sizes": "None",
    "num_samples": 60,
    "validation_final": "validation_raw_postprocessed",
    "validation_raw": "validation_raw"
}