{
    "dc_per_class_pp_all": {
        "1": 0.7066987971701779,
        "2": 0.929448929958626,
        "3": 0.8230913555354304,
        "4": 0.6546132413148859
    },
    "dc_per_class_pp_per_class": {
        "1": 0.8589565980064513,
        "2": 0.9294562739202441,
        "3": 0.8231011807694508,
        "4": 0.6540802480963742
    },
    "dc_per_class_raw": {
        "1": 0.8588743011459833,
        "2": 0.929442248919912,
        "3": 0.8230903998474096,
        "4": 0.6544085538455705
    },
    "for_which_classes": [
        1,
        2,
        3
    ],
    "min_valid_object_sizes": "None",
    "num_samples": 60,
    "validation_final": "validation_raw_postprocessed",
    "validation_raw": "validation_raw"
}