{
    "dc_per_class_pp_all": {
        "1": 0.6769720103975179,
        "2": 0.9309692926133133,
        "3": 0.8322427171234255,
        "4": 0.6791829529616398
    },
    "dc_per_class_pp_per_class": {
        "1": 0.8677175720255409,
        "2": 0.9309709891376418,
        "3": 0.8322667089012691,
        "4": 0.668244538777084
    },
    "dc_per_class_raw": {
        "1": 0.8673129523565251,
        "2": 0.9309692926133133,
        "3": 0.8322427171234255,
        "4": 0.679166728660465
    },
    "for_which_classes": [
        1,
        2,
        3
    ],
    "min_valid_object_sizes": "None",
    "num_samples": 59,
    "validation_final": "validation_raw_postprocessed",
    "validation_raw": "validation_raw"
}