{
    "dc_per_class_pp_all": {
        "1": 0.3948471414088271,
        "2": 0.9431926606223636,
        "3": 0.8374332956335363,
        "4": 0.7253042991243557
    },
    "dc_per_class_pp_per_class": {
        "1": 0.8552958931800468,
        "2": 0.9431938932167118,
        "3": 0.8374380133291497,
        "4": 0.7170319026735427
    },
    "dc_per_class_raw": {
        "1": 0.8551296206424057,
        "2": 0.9431926606223636,
        "3": 0.8374332956335363,
        "4": 0.7253042991243557
    },
    "for_which_classes": [
        1,
        2,
        3
    ],
    "min_valid_object_sizes": "None",
    "num_samples": 28,
    "validation_final": "validation_raw_postprocessed",
    "validation_raw": "validation_raw"
}