{
    "dc_per_class_pp_all": {
        "1": 0.6936648057301772,
        "2": 0.9390485566221675,
        "3": 0.8512909755615325,
        "4": 0.6921343782997411
    },
    "dc_per_class_pp_per_class": {
        "1": 0.8523141310803857,
        "2": 0.9390485566221675,
        "3": 0.8512935267131596,
        "4": 0.6728061168412112
    },
    "dc_per_class_raw": {
        "1": 0.8523141310803857,
        "2": 0.9390542154751041,
        "3": 0.8512909755615325,
        "4": 0.6921343782997411
    },
    "for_which_classes": [
        3
    ],
    "min_valid_object_sizes": "None",
    "num_samples": 27,
    "validation_final": "validation_raw_postprocessed",
    "validation_raw": "validation_raw"
}