{
    "dc_per_class_pp_all": {
        "1": 0.5839812845769959,
        "2": 0.9403893914708236,
        "3": 0.8526624778550645,
        "4": 0.7159014762284994
    },
    "dc_per_class_pp_per_class": {
        "1": 0.8556817292179585,
        "2": 0.940389753893976,
        "3": 0.8527531668046187,
        "4": 0.7086539702140391
    },
    "dc_per_class_raw": {
        "1": 0.8554045247582898,
        "2": 0.94037330220883,
        "3": 0.8526588627774297,
        "4": 0.7159178912959981
    },
    "for_which_classes": [
        1,
        2,
        3
    ],
    "min_valid_object_sizes": "None",
    "num_samples": 139,
    "validation_final": "cv_niftis_postprocessed",
    "validation_raw": "cv_niftis_raw"
}