{
    "dc_per_class_pp_all": {
        "1": 0.7021708624858648,
        "2": 0.9360038617200435,
        "3": 0.8352846712960699,
        "4": 0.6729112162889774
    },
    "dc_per_class_pp_per_class": {
        "1": 0.8581742680495115,
        "2": 0.9360073452956419,
        "3": 0.8353098565944611,
        "4": 0.6698061320081111
    },
    "dc_per_class_raw": {
        "1": 0.8576726699116165,
        "2": 0.935999065407364,
        "3": 0.835281516476573,
        "4": 0.6728637952280724
    },
    "for_which_classes": [
        1,
        2,
        3
    ],
    "min_valid_object_sizes": "None",
    "num_samples": 297,
    "validation_final": "cv_niftis_postprocessed",
    "validation_raw": "cv_niftis_raw"
}