{
    "dc_per_class_pp_all": {
        "1": 0.6917221244328001,
        "2": 0.9444461799956669,
        "3": 0.8341559858173578,
        "4": 0.6872188308195077
    },
    "dc_per_class_pp_per_class": {
        "1": 0.8561616719266566,
        "2": 0.9444488407921843,
        "3": 0.8342203875070421,
        "4": 0.6872275958792833
    },
    "dc_per_class_raw": {
        "1": 0.8561477291402564,
        "2": 0.9444363813310923,
        "3": 0.8341559858173578,
        "4": 0.6872194887701253
    },
    "for_which_classes": [
        1,
        2,
        3,
        4
    ],
    "min_valid_object_sizes": "None",
    "num_samples": 59,
    "validation_final": "validation_raw_postprocessed",
    "validation_raw": "validation_raw"
}