{
    "dc_per_class_pp_all": {
        "1": 0.47656479240734745,
        "2": 0.9408900450973151,
        "3": 0.8569763110040508,
        "4": 0.7245624610032475
    },
    "dc_per_class_pp_per_class": {
        "1": 0.8490650269896391,
        "2": 0.9408900450973151,
        "3": 0.8569672224445645,
        "4": 0.7245733203175967
    },
    "dc_per_class_raw": {
        "1": 0.8488214424401032,
        "2": 0.9408900450973151,
        "3": 0.8569583647257925,
        "4": 0.7245468571778364
    },
    "for_which_classes": [
        1,
        3,
        4
    ],
    "min_valid_object_sizes": "None",
    "num_samples": 28,
    "validation_final": "validation_raw_postprocessed",
    "validation_raw": "validation_raw"
}